{
    "text": " 123 test test testing.",
    "segments": [
        {
            "id": 0,
            "seek": 0,
            "start": 0.0,
            "end": 4.24,
            "text": " 123 test test testing.",
            "tokens": [
                50365,
                34466,
                1500,
                1500,
                4997,
                13,
                50599
            ],
            "temperature": 0.0,
            "avg_logprob": -0.46690645813941956,
            "compression_ratio": 1.0476190476190477,
            "no_speech_prob": 0.00393593730404973,
            "words": [
                {
                    "word": " 123",
                    "start": 0.0,
                    "end": 0.88,
                    "probability": 0.4751507639884949
                },
                {
                    "word": " test",
                    "start": 0.88,
                    "end": 1.86,
                    "probability": 0.7189471125602722
                },
                {
                    "word": " test",
                    "start": 1.86,
                    "end": 2.88,
                    "probability": 0.2732948362827301
                },
                {
                    "word": " testing.",
                    "start": 2.88,
                    "end": 4.24,
                    "probability": 0.9374591112136841
                }
            ]
        }
    ],
    "language": "en"
}